,word1,word2,human,gpt_left,gpt_right,gpt2,gpt4,wup_common,wup_average,lin_common,lin_average
0,scholar,academician,5.42,0.850104973,0.853856459,0.851980716,6.0,0.6,0.6466722361459202,0.22137434425833946,0.26420801016650697
1,review,critique,5.41,0.822095968,0.828069523,0.825082745,5.0,0.25,0.3307285370288466,0.0682540414147308,0.19093826623971444
2,refund,reimbursement,5.41,0.812314637,0.810235448,0.811275043,6.2,0.8,0.5,0.6203097385713113,0.34643773925159876
3,haven,refuge,5.41,0.669938333,0.703790769,0.686864551,6.9,0.4,0.33749999999999997,0.10448233557817627,0.1556418854968324
4,rebel,revolutionary,5.4,0.808105722,0.810149498,0.80912761,5.3,0.5714285714285714,0.6115288220551378,0.235559218625979,0.4639730860968753
5,soil,dirt,5.4,0.799104355,0.793352768,0.796228562,6.5,0.25,0.3500550307535602,0.08016259452908268,0.19494384018296654
6,empire,kingdom,5.4,0.825427614,0.807545125,0.81648637,5.4,0.13333333333333333,0.3034436312454888,-0.0,0.15515566308256534
7,actor,performer,5.4,0.854633883,0.847452223,0.851043053,4.7,0.631578947368421,0.6687306501547987,0.923850529534216,0.6078974381041979
8,tribute,praise,5.4,0.801248811,0.80177436,0.801511586,4.3,0.8333333333333334,0.4605820105820106,0.7158643881845964,0.24631176718153247
9,version,rendition,5.39,0.800392494,0.814699173,0.807545833,5.6,0.25,0.30043449885790713,0.06309133024555072,0.1326001988801538
10,belly,stomach,5.38,0.832808942,0.81991528,0.826362111,6.8,0.7142857142857143,0.33971092418073845,0.4507673680062117,0.19036914439959368
11,offer,bid,5.37,0.714348145,0.723462008,0.718905076,5.7,0.8571428571428571,0.5441398878898879,0.5762056834982497,0.2996367899758106
12,humor,wit,5.36,0.745108366,0.736093692,0.740601029,6.4,1.0,0.3244755244755244,1.0,0.11051310418082137
13,matter,substance,5.36,0.726785712,0.740319923,0.733552817,6.5,0.25,0.33625684928205934,0.12298241285216718,0.1382108313891958
14,despair,hopelessness,5.36,0.858771041,0.863063611,0.860917326,6.9,0.6153846153846154,0.7692307692307693,0.29390882623146164,0.5921420928137706
15,meeting,assembly,5.35,0.702891976,0.713416688,0.708154332,5.5,0.13333333333333333,0.3062155935930445,-0.0,0.12696535520280366
16,holder,receptacle,5.35,0.760010332,0.780319825,0.770165078,4.2,0.7058823529411765,0.4722222222222222,0.34953939558162694,0.15756919760826088
17,target,goal,5.34,0.793099076,0.799499743,0.796299409,5.1,0.3076923076923077,0.2939642705935276,0.08818807981439448,0.1283072183000541
18,cruelty,brutality,5.34,0.887745947,0.887236036,0.887490992,6.7,0.21052631578947367,0.46895581198986774,0.06745717836151713,0.3917987512521331
19,index,listing,5.33,0.720559381,0.71999865,0.720279016,5.8,0.2857142857142857,0.3609313725490196,0.08139239360990215,0.22529847939870754
20,progress,improvement,5.32,0.811094366,0.812013984,0.811554175,6.1,0.42105263157894735,0.4947424388858857,0.25075757347521593,0.3274354894426127
21,symbol,emblem,5.31,0.834730454,0.829782747,0.8322566,6.6,0.15384615384615385,0.3764342275371687,-0.0,0.2699730722026002
22,stockade,fort,5.31,0.637101233,0.652621791,0.644861512,4.5,0.5555555555555556,0.6276659786721706,0.22754918277878394,0.406490117516064
23,legend,myth,5.31,0.839501046,0.844923429,0.842212237,5.3,0.8888888888888888,0.6825396825396826,0.8033059707927769,0.6318278480859684
24,senior,elder,5.3,0.776904054,0.780842558,0.778873306,6.7,0.5714285714285714,0.6274327122153208,0.214485255688858,0.3335469764323266
25,razor,shaver,5.3,0.71777001,0.719885603,0.718827806,6.5,0.36363636363636365,0.5681962481962483,0.12207927941372239,0.3990240377457004
26,burden,load,5.29,0.779055171,0.774526045,0.776790608,6.1,0.125,0.27645900305214033,-0.0,0.10090380294983431
27,anger,wrath,5.29,0.844181687,0.838321507,0.841251597,5.6,0.875,0.49027777777777776,0.8449796140317458,0.3933757093912759
28,parade,procession,5.28,0.86111249,0.862221867,0.861667179,6.3,0.5333333333333333,0.46796400671529675,0.20575778860852167,0.2773453886792598
29,increase,enlargement,5.27,0.790798433,0.803129189,0.796963811,5.9,0.26666666666666666,0.32391496274623205,0.08235116137649544,0.12984490366638562
30,pressure,force,5.27,0.803801015,0.800401442,0.802101228,5.3,0.14285714285714285,0.2654621672003361,-0.0,0.11149509806355862
31,bureau,department,5.27,0.791877843,0.783270061,0.787573952,6.6,0.8235294117647058,0.2846366324307501,0.8409031577459599,0.1754995178750162
32,comfort,consolation,5.26,0.805136412,0.807959951,0.806548182,5.0,0.5714285714285714,0.4330198746165132,0.31230791131090263,0.28895065678541326
33,manner,mode,5.26,0.780207358,0.772151671,0.776179515,5.8,1.0,0.376386040859725,1.0,0.1702313105932573
34,mission,task,5.25,0.762235455,0.761868596,0.762052026,5.5,0.26666666666666666,0.5843342424689173,0.0850552215288021,0.3638459495374807
35,research,investigation,5.25,0.825011484,0.833693676,0.82935258,6.4,0.3157894736842105,0.6393188854489164,0.19980656649934012,0.5583259653350582
36,color,hue,5.24,0.805060931,0.786627449,0.79584419,6.2,0.7692307692307693,0.4433311786252963,0.6790448818521171,0.2397830425157265
37,margin,border,5.23,0.740665182,0.735958159,0.738311671,4.6,0.13333333333333333,0.18215289039592447,-0.0,0.06063647290663751
38,muscle,brawn,5.22,0.686494574,0.680723079,0.683608826,6.0,0.14285714285714285,0.3695238095238095,-0.0,0.24659860380218385
39,marshal,sheriff,5.21,0.775986098,0.783926204,0.779956151,4.8,0.9090909090909091,0.6945454545454546,0.7110671507594913,0.46569885494138075
40,contempt,scorn,5.2,0.864978626,0.853328064,0.859153345,6.8,1.0,0.47722069597069594,1.0,0.3175835194519724
41,defense,protection,5.2,0.822314687,0.80748266,0.814898673,6.9,0.6666666666666666,0.33083922565308255,0.294678364803245,0.13115316294824386
42,era,age,5.2,0.825613514,0.825428873,0.825521193,6.4,0.36363636363636365,0.5139083139083138,0.09524284710444153,0.28874883254073946
43,magic,sorcery,5.19,0.82403145,0.836191893,0.830111671,6.3,0.9411764705882353,0.6134453781512605,0.929711582194726,0.5489132963575982
44,hotel,inn,5.19,0.745187275,0.719872221,0.732529748,6.8,0.9411764705882353,0.9411764705882353,0.8704803364854884,0.8704803364854884
45,sidewalk,walkway,5.19,0.807032607,0.787942059,0.797487333,6.7,0.9411764705882353,0.9411764705882353,0.9659270950296451,0.9659270950296451
46,heaven,paradise,5.18,0.838064626,0.83256188,0.835313253,6.9,1.0,0.5514254385964912,1.0,0.47781243787453986
47,rumor,gossip,5.16,0.835226797,0.847566321,0.841396559,6.3,0.2222222222222222,0.43153021442495126,0.06558179725618013,0.32479151547242857
48,lady,woman,5.16,0.853611819,0.861253783,0.857432801,6.6,0.631578947368421,0.4766952917410583,0.7674299506728657,0.3394027480618005
49,folly,foolishness,5.16,0.872865453,0.884887323,0.878876388,5.7,1.0,0.5275834051569346,1.0,0.3351554009981499
50,minor,juvenile,5.15,0.743034877,0.766744204,0.75488954,6.0,0.7058823529411765,0.7058823529411765,0.9727542595131633,0.9727542595131633
52,habit,mannerism,5.14,0.736795112,0.732819676,0.734807394,5.2,0.2857142857142857,0.25337840264310857,0.07180356545695687,0.0920791277475226
53,reverse,opposite,5.14,0.780607738,0.782289214,0.781448476,6.5,0.5,0.2978090701581414,0.24831659818523985,0.11953522134393146
54,reward,prize,5.13,0.825765587,0.82316564,0.824465614,6.4,0.23529411764705882,0.31895867748808926,0.07533330683585374,0.14630957427056138
55,college,university,5.12,0.866154581,0.86318782,0.864671201,6.7,0.8333333333333334,0.45965608465608465,0.6936589474611995,0.3102273497400667
56,spirit,soul,5.11,0.796651103,0.805281617,0.80096636,6.5,0.9090909090909091,0.29048620454193214,0.962473809209151,0.11346842686203096
57,output,yield,5.1,0.74768988,0.743153639,0.74542176,5.8,0.10526315789473684,0.33886029175502863,-0.0,0.18540391510861612
58,savings,reserves,5.09,0.731348857,0.704139493,0.717744175,6.2,0.23529411764705882,0.23627925866702956,0.06321727868509597,0.05662305369463022
59,expert,authority,5.09,0.76774694,0.763326079,0.765536509,5.5,0.16666666666666666,0.35813880207953624,-0.0,0.19239844596884062
60,effort,attempt,5.08,0.860733725,0.846954063,0.853843894,6.0,1.0,0.7019457344341246,1.0,0.49011468596597374
61,servant,maid,5.08,0.785406202,0.792813472,0.789109837,6.1,0.9,0.4338235294117647,0.83076458592461,0.2710373216508172
62,soldier,warrior,5.07,0.844732925,0.846999094,0.84586601,6.4,0.6,0.6,0.2610590894978958,0.23645264212918204
63,jacket,coat,5.07,0.846282206,0.828712188,0.837497197,6.8,0.9565217391304348,0.5338214355154723,0.9448933509069262,0.32900430502804795
64,lesson,instruction,5.07,0.811136641,0.816485472,0.813811056,6.6,0.25,0.43568784103323577,0.07981788390874135,0.27198065317911113
65,disease,illness,5.07,0.896745592,0.889650695,0.893198144,7.0,0.9473684210526315,0.9473684210526315,0.9820395560785415,0.9820395560785415
66,fortune,wealth,5.07,0.80067461,0.816764019,0.808719315,6.2,0.16666666666666666,0.30331144549894545,-0.0,0.1436884481022758
67,cluster,group,5.07,0.768417343,0.763176419,0.765796881,6.3,0.6666666666666666,0.4161616161616162,0.4675186843499488,0.18272459532226684
68,alarm,warning,5.06,0.763251901,0.756654024,0.759952962,6.9,0.25,0.21015408525083448,0.07058049370644319,0.0548410747518507
69,success,accomplishment,5.06,0.815477081,0.823574737,0.819525909,6.7,0.6153846153846154,0.40694201631701626,0.31374900715795323,0.2271463633437145
70,tension,strain,5.6,0.77613616,0.764761493,0.770448826,6.5,0.23529411764705882,0.31550729698421776,0.06758536998988371,0.13227503246332786
71,feature,characteristic,5.59,0.802300103,0.805898882,0.804099493,6.8,1.0,0.2924949097743215,1.0,0.12683848395217132
72,lumber,wood,5.59,0.793649159,0.804864086,0.799256623,6.4,0.2857142857142857,0.41068207624418923,0.08384859905439743,0.18028607355236048
73,program,schedule,5.59,0.745857134,0.751660176,0.748758655,5.1,0.9333333333333333,0.3829656862745098,0.7969189098205774,0.23960600350163752
74,candy,sweets,5.58,0.849878758,0.841948941,0.84591385,6.6,0.23529411764705882,0.4241898864809081,0.06914816953042852,0.3448501323994773
75,crisis,emergency,5.57,0.804813989,0.820795171,0.81280458,6.8,0.25,0.38186873039814223,0.07380465592751523,0.23608859430805765
76,founder,originator,5.57,0.807955571,0.817020945,0.812488258,6.0,0.13333333333333333,0.4654970760233918,-0.0,0.3979113469407822
77,excuse,pardon,5.57,0.752379671,0.759007998,0.755693834,5.4,0.23529411764705882,0.2769690922389805,0.06751505758318403,0.14489607225862075
78,repair,mending,5.57,0.717848986,0.713172801,0.715510894,6.7,0.10526315789473684,0.33020725834193326,-0.0,0.19663397420955675
79,meadow,pasture,5.57,0.756429568,0.77003701,0.763233289,6.2,0.7777777777777778,0.5065359477124183,0.848680662409781,0.4571972922647078
81,warfare,combat,5.57,0.825053312,0.829771109,0.82741221,6.5,0.8235294117647058,0.7279411764705882,0.7525140447554182,0.6753740005670201
82,worship,adoration,5.55,0.755688369,0.754639201,0.755163785,5.8,0.26666666666666666,0.5545321637426901,0.07532793541500224,0.3837190712341109
84,surprise,astonishment,5.55,0.838788703,0.851093523,0.844941113,6.0,0.9230769230769231,0.4886877828054299,0.9286313084492763,0.35972891731830253
85,vessel,ship,5.54,0.864625469,0.865470611,0.86504804,6.3,0.21052631578947367,0.5981620718462823,0.08990873832821077,0.4987866598254152
86,control,regulation,5.53,0.767879687,0.779858641,0.773869164,5.6,0.3076923076923077,0.31340752965436336,0.07594314805718652,0.1275933892760664
87,capture,seizure,5.52,0.737842694,0.744180232,0.741011463,6.1,0.5,0.4325219440002721,0.22837048424119957,0.24597984621913777
88,pistol,gun,5.52,0.857225589,0.848140225,0.852682907,6.9,0.9090909090909091,0.4904950122341427,0.9110534171742991,0.3392776730388505
89,posture,stance,5.51,0.884247355,0.867573723,0.875910539,6.4,0.9230769230769231,0.5503663003663004,0.9364611582604041,0.41141170586296955
90,damage,harm,5.51,0.855737619,0.860201478,0.857969549,6.8,0.25,0.4602614379084968,0.0857384707262127,0.295270032343499
91,preserves,jam,5.48,0.621052697,0.642282248,0.631667472,4.5,0.9523809523809523,0.26797155265615014,0.8948200133086894,0.1437455919621523
92,picture,photograph,5.48,0.851053931,0.866593771,0.858823851,7.0,0.875,0.41368993751346694,0.7558044340801269,0.30203050587115376
93,daring,boldness,5.47,0.826737382,0.822173141,0.824455261,6.5,0.23529411764705882,0.42843137254901964,0.07036424780047318,0.33040649633449215
94,advice,guidance,5.47,0.857120283,0.86022453,0.858672407,6.8,0.7272727272727273,0.4329004329004329,0.48199717909032996,0.21377527544305364
95,terror,fright,5.47,0.789272487,0.796396255,0.792834371,6.6,0.9333333333333333,0.37083333333333335,0.8822442319061911,0.2400164532863268
96,double,duplicate,5.46,0.750068545,0.748505011,0.749286778,6.7,0.11764705882352941,0.2594535804752523,-0.0,0.0572763918205315
97,challenge,dare,5.45,0.704155669,0.706189334,0.705172502,5.9,0.2857142857142857,0.5883193277310925,0.06853838799867165,0.41793337796283075
98,safety,security,5.45,0.833805941,0.832790487,0.833298214,7.0,0.9230769230769231,0.23610932584867309,0.9872725534361944,0.0831782762032249
99,prairie,grassland,5.44,0.781065196,0.787675239,0.784370217,6.9,0.8235294117647058,0.8235294117647058,0.9334157645696867,0.9334157645696867
100,contest,competition,5.44,0.831898496,0.83884789,0.835373193,6.8,0.36363636363636365,0.5291083916083916,0.08467889236153035,0.3317662330719796
101,talent,skill,5.43,0.832933582,0.837459184,0.835196383,6.3,0.7142857142857143,0.4404761904761905,0.568776345280872,0.28426994622222235
102,highway,turnpike,5.43,0.751073375,0.742189832,0.746631604,6.1,0.5263157894736842,0.7076023391812865,0.2537697854707391,0.5789571551911451
103,wagon,cart,5.43,0.751926519,0.722984083,0.737455301,6.2,0.9523809523809523,0.6953859456826208,0.9602841101609493,0.5574812510746754
104,palace,castle,5.42,0.844509616,0.845312148,0.844910882,6.0,1.0,0.40126670285339017,1.0,0.24696501637887897
105,adult,grownup,5.78,0.759593189,0.754149646,0.756871417,6.7,0.75,0.75,1.0,0.6301159342094815
106,status,rank,5.77,0.757023208,0.767613225,0.762318216,6.4,0.3333333333333333,0.5333333333333333,0.08589069197087011,0.3412603484060487
107,savage,barbarian,5.77,0.808767468,0.821950905,0.815359186,5.2,1.0,0.700751879699248,1.0,0.4063349518610373
108,poison,venom,5.77,0.80929587,0.820951469,0.81512367,5.8,0.7692307692307693,0.3637362637362638,0.8831595630566172,0.2780158986335797
109,purpose,intention,5.74,0.839396864,0.836145155,0.83777101,6.9,1.0,0.44402726902726897,1.0,0.27310243919500193
110,echo,reverberation,5.74,0.803939246,0.82641317,0.815176208,6.4,1.0,0.3164128899423017,1.0,0.19135794697845201
111,ethics,morals,5.74,0.838052556,0.840783991,0.839418273,6.7,1.0,0.4198593073593073,1.0,0.23043390326291552
112,delight,pleasure,5.72,0.848579586,0.854966857,0.851773221,6.6,0.9230769230769231,0.41579508726567554,0.9316378411839398,0.2682226622212623
113,moisture,dampness,5.72,0.806151696,0.797050431,0.801601063,6.5,0.8571428571428571,0.8571428571428571,0.899469290773262,0.899469290773262
114,vigor,energy,5.72,0.771422401,0.76606375,0.768743075,6.8,0.13333333333333333,0.37433694125423456,-0.0,0.2431726492187052
115,human,person,5.71,0.763168484,0.740927562,0.752048023,7.0,0.5714285714285714,0.3434343434343434,0.44307898435689597,0.21003752172125353
116,logic,reasoning,5.71,0.850067817,0.849947013,0.850007415,6.5,0.4444444444444444,0.4549019607843137,0.2994566691846012,0.30128486236497853
117,desire,wish,5.71,0.82656268,0.811834387,0.819198534,6.3,0.9230769230769231,0.35457935310876487,0.9204286748178113,0.19002585556449667
118,curtain,drape,5.69,0.676792666,0.671673872,0.674233269,6.8,1.0,0.5115079365079365,1.0,0.2850877254670032
119,justice,fairness,5.68,0.810462624,0.801948182,0.806205403,6.8,0.8571428571428571,0.2917582417582417,0.8716287122814323,0.13949912094766267
120,number,quantity,5.67,0.787492938,0.796407394,0.791950166,6.5,0.4,0.33202812604726484,0.12794901145431972,0.14127815164284468
121,sequence,series,5.67,0.816064149,0.818881936,0.817473043,6.7,0.9230769230769231,0.29644615176459493,0.9718794344329622,0.10831283340787148
122,player,contestant,5.66,0.775953233,0.796357676,0.786155455,5.9,0.7058823529411765,0.6841589267285861,0.9308463605733219,0.3441374646728591
123,fraction,part,5.66,0.699521728,0.677864335,0.688693032,6.4,0.6666666666666666,0.28340260172690507,0.46513147865572374,0.09547857096791317
124,trouble,difficulty,5.66,0.839859232,0.857188702,0.848523967,6.3,0.35294117647058826,0.43412454239660114,0.2122052266451064,0.2484131229842805
125,witness,observer,5.65,0.766864866,0.775633767,0.771249317,6.1,0.7058823529411765,0.5870232708468003,0.8717338508941171,0.31277966520414413
126,rancher,cattleman,5.65,0.837517612,0.840086982,0.838802297,6.9,0.8571428571428571,0.6785714285714286,0.8063806744530889,0.5109458367595301
127,ration,allowance,5.64,0.752374887,0.73635532,0.744365104,5.8,0.14285714285714285,0.2889576883384933,-0.0,0.17549970617297497
128,crossing,intersection,5.64,0.754630156,0.772000626,0.763315391,5.7,0.2857142857142857,0.23779995946289242,0.16888661282800368,0.0805215337995767
129,union,joining,5.63,0.756046221,0.753027797,0.754537009,5.6,0.26666666666666666,0.2836670553388819,0.07889898741829232,0.12770310920973116
130,verdict,decision,5.62,0.792169079,0.785527393,0.788848236,6.0,0.5555555555555556,0.4193464052287582,0.28124963134880593,0.19637828173477548
131,fashion,style,5.62,0.829974532,0.823546402,0.826760467,6.7,1.0,0.29205699032840404,1.0,0.11911705817769463
132,quiet,silence,5.62,0.843504213,0.846583463,0.845043838,6.5,0.11764705882352941,0.446078431372549,-0.0,0.278602582670825
133,fourth,quarter,5.62,0.731259488,0.732332855,0.731796172,5.4,0.2222222222222222,0.24861283962821373,0.07267220255207371,0.10403911089035625
134,statute,law,5.61,0.818099976,0.807946801,0.813023388,6.8,0.2857142857142857,0.32155493776457955,0.07895171326300322,0.15219865024312992
135,instant,moment,5.61,0.789316826,0.791664228,0.790490527,6.6,0.46153846153846156,0.40848077576018754,0.31132992185745934,0.25475771851675005
136,impulse,urge,5.6,0.836896613,0.829464979,0.833180796,5.9,1.0,0.45134310134310135,1.0,0.23326825274394916
137,pastor,minister,5.6,0.842738062,0.821805947,0.832272004,6.4,1.0,0.3421382139812447,1.0,0.22521965350564582
138,design,pattern,5.6,0.761832617,0.754639335,0.758235976,6.1,0.4,0.3708210899069479,0.19728776586770755,0.19110605221085736
139,canyon,gorge,5.6,0.792120405,0.767398991,0.779759698,6.3,0.875,0.5178571428571429,0.9213558407326787,0.3599460928665809
140,purchase,buy,6.79,0.887216702,0.881412886,0.884314794,7.0,0.25,0.36041666666666666,0.08229621075412306,0.2683398292837854
141,lawyer,attorney,6.78,0.907174245,0.911638841,0.909406543,7.0,1.0,1.0,1.0,1.0
142,autumn,fall,6.72,0.822227828,0.783872209,0.803050019,6.9,1.0,0.3119218200100553,1.0,0.14276111066081973
143,penny,cent,6.71,0.712191902,0.70231308,0.707252491,6.9,0.875,0.6354166666666666,0.8597378568040495,0.6133098439823965
144,taxi,cab,6.71,0.862714656,0.836815074,0.849764865,6.8,0.45454545454545453,0.6981818181818182,0.22477320574472906,0.6002768024579886
145,auto,car,6.68,0.769805036,0.778822906,0.774313971,7.0,1.0,0.6311688311688312,1.0,0.5397111798904737
146,error,mistake,6.66,0.855446808,0.845890544,0.850668676,7.0,1.0,0.4434414791557649,1.0,0.25379015907225205
147,pupil,student,6.63,0.824102156,0.828797989,0.826450072,6.6,1.0,0.6059511523907809,1.0,0.351037634318885
148,victor,winner,6.6,0.83493387,0.830093391,0.83251363,6.8,0.6666666666666666,0.7352941176470588,0.2206063634993105,0.35817130157693916
149,answer,reply,6.58,0.840241484,0.848409951,0.844325718,6.5,1.0,0.501941391941392,1.0,0.3439589763311033
150,present,gift,6.56,0.645776339,0.671704188,0.658740263,7.0,0.3333333333333333,0.34985754985754985,0.11041530303568203,0.1833544334130423
151,teacher,instructor,6.56,0.872511029,0.881482631,0.87699683,6.7,1.0,0.5588235294117647,1.0,0.5
152,result,outcome,6.47,0.85123685,0.855048664,0.853142757,6.9,0.16666666666666666,0.40541958041958037,-0.0,0.2723865143726916
153,triumph,victory,6.45,0.869214699,0.877262473,0.873238586,6.8,1.0,0.625,1.0,0.5378833588364612
154,basement,cellar,6.44,0.855259955,0.869503669,0.862381812,6.3,1.0,0.7418300653594772,1.0,0.497064692955544
155,excess,surplus,6.43,0.780648179,0.786552265,0.783600222,6.7,1.0,0.5035014005602241,1.0,0.4330222787210406
156,display,exhibit,6.41,0.836020738,0.844805025,0.840412881,6.4,0.46153846153846156,0.3395776029096462,0.30652673158584337,0.18267063521411006
157,consent,permission,6.41,0.824746624,0.808661655,0.816704139,6.6,0.9230769230769231,0.5865384615384616,0.8822680683783239,0.478453762993615
158,comment,remark,6.4,0.864891365,0.866916053,0.865903709,6.7,1.0,0.49444444444444446,1.0,0.3445440763084457
159,clothing,apparel,6.39,0.891576372,0.891129613,0.891352993,6.9,0.9411764705882353,0.9411764705882353,0.817661298793694,0.817661298793694
160,center,middle,6.37,0.748710051,0.744319707,0.746514879,6.0,1.0,0.25808933021265307,1.0,0.08411356660143854
161,command,order,6.37,0.721817091,0.712335169,0.71707613,6.8,0.9333333333333333,0.355470327991336,0.9565033654583813,0.152957875051894
162,streetcar,trolley,6.37,0.793738909,0.781602718,0.787670814,6.9,1.0,1.0,1.0,1.0
163,prison,jail,6.36,0.893495671,0.890219614,0.891857643,7.0,0.9090909090909091,0.5133689839572192,0.9126307807795391,0.45631539038976954
164,custom,tradition,6.35,0.803648636,0.805706397,0.804677516,5.7,0.42857142857142855,0.45324708830900784,0.20589631284989404,0.28283956759926016
165,courage,bravery,6.34,0.912209183,0.905549705,0.908879444,7.0,1.0,0.7307692307692308,1.0,0.6321178268586132
166,balance,equilibrium,6.34,0.796517238,0.79402642,0.795271829,6.0,0.9230769230769231,0.27024986262665457,0.9711202707403624,0.09064561359423319
167,singer,vocalist,6.34,0.848791838,0.855302744,0.852047291,6.9,1.0,0.7142857142857143,1.0,0.4891827999014689
168,plenty,abundance,6.33,0.793603979,0.797590077,0.795597028,6.8,0.9411764705882353,0.4044817927170869,0.9320274154220709,0.21541652476178738
169,worker,laborer,6.32,0.827335991,0.812756747,0.820046369,6.7,0.631578947368421,0.6021531100478468,0.759887539562262,0.3760591876262488
170,rabbit,bunny,6.3,0.878268294,0.867406324,0.872837309,6.6,0.4444444444444444,0.36101615858737296,0.1663472857502997,0.21411219281275098
171,author,writer,6.05,0.856190935,0.857269064,0.856729999,7.0,1.0,0.7324561403508771,1.0,0.46159829129676677
172,money,currency,6.04,0.810703553,0.825015247,0.8178594,6.4,0.8571428571428571,0.4055088702147525,0.8798013963142782,0.2528664171779009
173,rival,opponent,6.04,0.799180321,0.80665575,0.802918036,6.9,0.6666666666666666,0.6862745098039216,0.6218721685155072,0.43578821164165155
175,country,nation,6.03,0.877804048,0.882737473,0.880270761,7.0,1.0,0.3349127506480448,1.0,0.22387158890065945
176,children,youngsters,5.99,0.857546329,0.848287977,0.852917153,6.4,1.0,0.7422600619195046,1.0,0.4619231295727705
177,event,occurrence,5.99,0.776501134,0.781625673,0.779063404,6.6,0.8888888888888888,0.35418470418470416,0.6708925185922551,0.1544375883808204
178,walker,pedestrian,5.99,0.789629713,0.802795045,0.796212379,6.8,0.5454545454545454,0.5850611376927167,0.20227934182627816,0.3003843640678254
179,sunrise,dawn,5.98,0.829797223,0.827556849,0.828677036,7.0,1.0,0.36551130423679434,1.0,0.21379131535241672
180,label,tag,5.98,0.799798012,0.794464856,0.797131434,6.7,0.25,0.3389122315592904,0.06461640828525211,0.1533362330111972
181,column,pillar,5.96,0.730132841,0.733388565,0.731760703,6.5,0.23529411764705882,0.30847122605636534,0.06520273972538124,0.12822759230548325
182,decrease,reduction,5.94,0.86321447,0.859669685,0.861442078,6.9,0.5,0.38751758862052976,0.2716755436238241,0.21615813250317714
183,profit,gain,5.94,0.794909179,0.761143148,0.778026164,6.7,0.26666666666666666,0.445845004668534,0.08698843003639774,0.3250968456604458
184,motive,reason,5.92,0.775022097,0.775544196,0.775283147,6.3,0.8,0.30613427966369144,0.955913773863781,0.14438113445899237
185,fabric,cloth,5.92,0.792468831,0.804816604,0.798642717,7.0,1.0,0.5769230769230769,1.0,0.5
186,engine,motor,5.91,0.773658216,0.767004251,0.770331234,7.0,0.9473684210526315,0.5187664674506779,0.9728273866464786,0.284584009063347
187,feeling,emotion,5.9,0.784490347,0.798578598,0.791534472,6.6,0.9090909090909091,0.445043845043845,0.9102546351937564,0.2929057819766181
188,concept,idea,5.9,0.869700842,0.862512954,0.866106898,7.0,0.9230769230769231,0.6025425554837319,0.9672871091818128,0.5109978649635263
189,carpet,rug,5.9,0.834085032,0.831452407,0.83276872,6.9,1.0,0.7857142857142857,1.0,0.5698533673873268
190,protest,objection,5.9,0.795425542,0.795884609,0.795655075,5.9,0.6666666666666666,0.7041666666666667,0.23045138400143325,0.4337159708384572
191,commerce,trade,5.89,0.807766184,0.784269311,0.796017747,7.0,0.9411764705882353,0.3461495000813886,0.7607600753296697,0.1951581570239406
192,poultry,fowl,5.88,0.753142387,0.740616918,0.746879652,6.8,1.0,0.5859649122807018,1.0,0.5313956814512713
193,question,inquiry,5.88,0.781936914,0.788596071,0.785266493,6.5,0.3333333333333333,0.3216049382716049,0.21300343443596026,0.14958951408289153
194,shortage,deficiency,5.88,0.832310624,0.839490108,0.835900366,6.4,0.4,0.6666666666666666,0.2679512214123765,0.5741181996730195
195,income,earnings,5.88,0.862176232,0.865569629,0.86387293,6.8,0.9473684210526315,0.6842105263157894,0.926109011815714,0.8046700930833763
196,insect,bug,5.87,0.827420168,0.791526154,0.809473161,7.0,0.9523809523809523,0.536872930990578,0.7203294279754106,0.2546435682469604
197,story,tale,5.87,0.892810248,0.886713199,0.889761724,7.0,1.0,0.5389423076923077,1.0,0.43804031942540966
198,delay,postponement,5.87,0.83298783,0.846053772,0.839520801,6.9,1.0,0.6316849816849817,1.0,0.5101200151084453
199,expense,cost,5.84,0.835297182,0.830746971,0.833022077,7.0,0.9333333333333333,0.405026455026455,0.7707477888297447,0.23113142893392563
200,labor,work,5.84,0.787139863,0.77011583,0.778627846,6.9,0.3076923076923077,0.24249802818230182,0.09651798248756635,0.09836152561769596
201,hazard,danger,5.79,0.836047441,0.835026205,0.835536823,6.8,0.18181818181818182,0.2959659857686174,-0.0,0.11232806709523445
202,summit,top,5.79,0.728529148,0.727497928,0.728013538,6.4,0.16666666666666666,0.27918878507113803,-0.0,0.11507341709128452
203,tremble,shake,5.79,0.773512028,0.748335376,0.760923702,6.7,0.26666666666666666,0.29388032990974167,0.06038487578377074,0.17673081263062848
204,survey,questionnaire,5.78,0.833002076,0.844506226,0.838754151,5.5,0.2222222222222222,0.2814814814814815,0.07653108463651954,0.15173793834856844
205,driver,motorist,5.78,0.813310653,0.823550522,0.818430588,7.0,0.9090909090909091,0.43550632374161785,0.9042830109445916,0.27222940732848555
206,slaughter,massacre,6.29,0.869272381,0.863238096,0.866255239,6.0,0.8333333333333334,0.7380952380952381,0.6586275829570045,0.621096248384385
207,murder,homicide,6.29,0.881141558,0.885336146,0.883238852,6.9,0.9565217391304348,0.9565217391304348,0.9854001207651445,0.9854001207651445
208,inside,interior,6.29,0.751568653,0.760887794,0.756228223,6.5,1.0,0.5882509303561935,1.0,0.5301883608625797
209,defect,flaw,6.29,0.805658385,0.800664157,0.803161271,6.8,0.8333333333333334,0.6464285714285714,0.875093924601665,0.5293013171380049
210,speaker,orator,6.28,0.707796685,0.712618276,0.710207481,6.3,0.9523809523809523,0.6291486291486291,0.9229756866194387,0.43059149690489007
211,total,sum,6.28,0.690885738,0.700926118,0.695905928,6.6,0.18181818181818182,0.37640692640692647,-0.0,0.2219771403234382
212,pilot,aviator,6.25,0.768806517,0.762782015,0.765794266,6.7,0.9523809523809523,0.42636230728335983,0.9553491444103649,0.29387951046328586
213,builder,constructor,6.25,0.836445399,0.845160931,0.840803165,6.8,0.3076923076923077,0.6464237516869096,0.06780655807383883,0.4279928090431979
214,couple,pair,6.24,0.814458087,0.823082231,0.818770159,6.5,0.46153846153846156,0.38247668997668993,0.27855719307926285,0.21302696572274932
215,dinner,supper,6.23,0.874065638,0.871621437,0.872843537,6.8,0.875,0.48333333333333334,0.7855315835552347,0.36399905288360584
216,liquid,fluid,6.23,0.816853106,0.81211672,0.814484913,7.0,0.9230769230769231,0.5488858363858364,0.998454986088453,0.4091588382500796
217,motion,movement,6.22,0.829124711,0.825443596,0.827284154,6.9,0.3076923076923077,0.3489926723190362,0.10057824478319323,0.18160499501321792
218,freedom,liberty,6.22,0.868127726,0.874943674,0.8715357,7.0,0.8333333333333334,0.5563786213786213,0.9024379955809757,0.40096680005586915
219,applause,clapping,6.22,0.733749129,0.734011211,0.73388017,6.8,1.0,1.0,1.0,1.0
220,value,worth,6.22,0.713528574,0.72038094,0.716954757,6.7,0.26666666666666666,0.33731011181991577,0.06914444059736789,0.1369168165280424
221,vision,sight,6.21,0.819337785,0.813647851,0.816492818,6.6,0.4444444444444444,0.41705304793982384,0.2638498919233973,0.2449017806316681
222,subject,topic,6.21,0.837649867,0.842490569,0.840070218,6.3,1.0,0.40363664113664116,1.0,0.227857460413662
223,promise,vow,6.21,0.740950264,0.740929417,0.740939841,6.0,0.7692307692307693,0.517948717948718,0.8115276973005641,0.44115939352374384
224,baby,infant,6.19,0.847957291,0.849893607,0.848925449,7.0,1.0,0.6098152179532098,1.0,0.3600267105314558
225,complaint,grievance,6.18,0.844285347,0.85625568,0.850270513,6.2,0.4444444444444444,0.37505446623093686,0.3665922140775175,0.24598717725242042
226,duty,obligation,6.17,0.860260911,0.868049748,0.86415533,6.8,1.0,0.35886494768847704,1.0,0.1728677567505379
227,region,area,6.16,0.859000206,0.855568349,0.857284278,6.7,0.7272727272727273,0.3244255744255744,0.5084760010929429,0.13150004111339256
228,movie,film,6.16,0.890737489,0.894983642,0.892860565,7.0,1.0,0.6694444444444444,1.0,0.3996579048741031
230,fatigue,tiredness,6.13,0.848724172,0.854040094,0.851382133,6.9,1.0,0.5839932126696833,1.0,0.4133483863407125
231,odor,smell,6.11,0.886600055,0.88041877,0.883509412,7.0,0.2857142857142857,0.467063492063492,0.0750476009429824,0.31198129068249786
232,owner,proprietor,6.09,0.837874994,0.853933081,0.845904037,6.7,1.0,0.8157894736842105,1.0,0.6347635783182511
233,journey,trip,6.09,0.853423767,0.838429227,0.845926497,6.8,0.9523809523809523,0.4918240980602767,0.9005880362254899,0.3372287721739187
234,saloon,barroom,6.09,0.812026098,0.816400312,0.814213205,6.5,1.0,0.7142857142857143,1.0,0.54084944772494
235,crying,weeping,6.09,0.882406384,0.870929524,0.876667954,6.9,1.0,0.2954822954822955,1.0,0.16666666666666666
236,forecast,prediction,6.08,0.83630114,0.844410345,0.840355743,7.0,0.25,0.5865384615384616,0.07134069034810944,0.513051120556195
237,quarrel,argument,6.08,0.764866039,0.749281809,0.757073924,6.7,0.26666666666666666,0.23592422614979006,0.08003278882514354,0.11845781186201856
238,method,procedure,6.08,0.830114022,0.831629984,0.830872003,6.6,0.42857142857142855,0.4815126050420168,0.2581097315980084,0.24623790526255127
239,forest,woodland,6.05,0.838340387,0.83653798,0.837439183,7.0,0.5,0.75,0.3241834111219682,0.6620917055609841
240,blindness,sightlessness,6.05,0.844089307,0.82809063,0.836089969,6.5,1.0,1.0,1.0,1.0
241,rescue,recovery,4.48,0.803248018,0.794828698,0.799038358,5.8,0.5,0.521978021978022,0.22383436978751622,0.40407255182885776
242,harbor,cove,4.47,0.705178276,0.703678638,0.704428457,6.4,0.2857142857142857,0.34523809523809523,0.06110538802511042,0.08281935003604025
243,temple,church,4.46,0.806370862,0.794072047,0.800221454,5.6,0.11764705882352941,0.2717243181010596,-0.0,0.14784474034487702
244,costume,disguise,4.45,0.830379725,0.824005425,0.827192575,6.2,0.125,0.38088235294117645,-0.0,0.24595023870398025
245,mixture,compound,4.44,0.694678135,0.695509724,0.69509393,6.1,0.26666666666666666,0.26850051851599843,0.07857278085056406,0.12215271529164445
246,stature,height,4.44,0.823749021,0.816801049,0.820275035,6.6,0.375,0.4890758547008547,0.22866737668495182,0.32258584382207584
247,premier,president,4.43,0.744132586,0.753488161,0.748810373,5.4,0.48,0.5773418394471027,0.22281950233529077,0.3356695596980656
248,trial,hearing,4.43,0.734803684,0.71099858,0.722901132,6.2,0.5882352941176471,0.3445309215304055,0.2690197538285902,0.15812143400069445
249,wonder,miracle,4.42,0.75083296,0.761298984,0.756065972,5.9,0.3076923076923077,0.46583971583971584,0.06998140125913067,0.16067680395989678
250,message,communication,4.42,0.803043082,0.814711869,0.808877476,6.4,0.4,0.5671957671957673,0.09841373383868142,0.29459198438736484
251,critic,judge,4.41,0.744191654,0.737854272,0.741022963,6.1,0.631578947368421,0.6692564745196323,0.2591463607812674,0.3650388249998158
252,charter,treaty,4.41,0.761753261,0.778061189,0.769907225,5.3,0.75,0.743421052631579,0.5501979816822113,0.6670076094672639
253,demand,requirement,4.41,0.810727112,0.810358308,0.81054271,6.5,0.2857142857142857,0.38549117549117545,0.08211709405709447,0.18585890165542457
254,treatment,medication,4.4,0.780840896,0.833817981,0.807329439,6.2,0.13333333333333333,0.3317572778099094,-0.0,0.18646700885516782
255,recruit,enlistee,4.39,0.82596714,0.828424133,0.827195637,6.8,0.5,0.75,0.1992594392115457,0.5996297196057728
256,suspect,accused,4.39,0.803513013,0.808327287,0.80592015,6.7,0.631578947368421,0.7919799498746867,0.21281795760019953,0.5788575538844891
257,drama,play,4.38,0.742814079,0.732912354,0.737863217,6.6,1.0,0.3640390247007891,1.0,0.13371926163845282
258,swimming,aquatics,4.36,0.754081726,0.762316272,0.758198999,6.7,0.9473684210526315,0.5292397660818713,0.9982605488135624,0.4991302744067812
259,glory,honor,4.36,0.769283198,0.761569381,0.765426289,6.9,0.2857142857142857,0.4576312576312576,0.0823390949548351,0.2770118573215325
260,secret,mystery,4.35,0.77266515,0.771489128,0.772077139,6.3,0.25,0.41842105263157886,0.07621973332210712,0.30618213595494537
261,vacuum,void,4.35,0.747122034,0.725945398,0.736533716,6.1,0.5714285714285714,0.46414206708324357,0.29507995428325234,0.263693380664191
262,temper,disposition,4.34,0.689579904,0.687442861,0.688511383,5.9,0.4,0.4192328504828505,0.26376888785250263,0.20934368577284126
263,panic,fear,4.33,0.807673596,0.806669474,0.807171535,6.8,0.9333333333333333,0.6749999999999999,0.8822442319061911,0.5329067574393701
264,flavor,seasoning,4.33,0.806019492,0.804541498,0.805280495,6.5,0.13333333333333333,0.20618908382066273,-0.0,0.0663639689000806
265,exchange,substitution,4.32,0.727394618,0.733230896,0.730312757,6.0,0.13333333333333333,0.42806799753394187,-0.0,0.1843790809415472
266,structure,building,4.32,0.787898734,0.799538955,0.793718845,6.7,0.9230769230769231,0.2894472194472195,0.8421307057980931,0.11001510329471635
267,shower,rain,4.31,0.765933737,0.793093063,0.7795134,6.2,0.2222222222222222,0.22379430329636726,0.06303105474452905,0.08956819278268559
268,honey,nectar,4.31,0.764781132,0.769198366,0.766989749,6.4,0.3333333333333333,0.38359788359788355,0.2517811387645359,0.21488941680021192
269,transit,travel,4.31,0.779568203,0.773597881,0.776583042,6.6,0.10526315789473684,0.31838610687939894,-0.0,0.177226625436134
270,weapon,arm,4.31,0.755240291,0.746989526,0.751114909,5.4,0.2222222222222222,0.3363046095631235,0.08244643635532165,0.19054644045223354
271,leather,hide,4.3,0.729100764,0.688018322,0.708559543,6.8,0.9,0.5676470588235294,0.8800332112495317,0.4765558052701266
272,stranger,foreigner,4.3,0.817271531,0.81888555,0.81807854,6.0,0.631578947368421,0.7313904967021134,0.6997141778500582,0.5143204717716211
273,agent,spy,4.29,0.735341161,0.777697921,0.756519541,6.1,0.42857142857142855,0.4894799443712487,0.23153861020906621,0.2521623903938743
274,distance,remoteness,4.28,0.726592116,0.73954092,0.733066518,6.2,0.9333333333333333,0.33401251526251524,0.7561115842796833,0.140020294404038
275,stable,barn,4.28,0.65090733,0.683328338,0.667117834,6.5,0.8888888888888888,0.5069444444444444,0.9188838277440193,0.45944191387200967
276,retreat,recoil,4.27,0.749716647,0.764511906,0.757114276,5.6,0.5333333333333333,0.35960230245944524,0.19224326050471754,0.1031057497646893
277,concrete,pavement,4.27,0.764261976,0.783640057,0.773951016,6.3,0.625,0.7243589743589745,0.2390018225026453,0.49388444413835303
278,finance,economics,4.26,0.818633139,0.814823613,0.816728376,6.5,0.3157894736842105,0.5338345864661653,0.1874200762319421,0.437963116872423
279,pity,compassion,4.25,0.81152001,0.827893503,0.819706757,6.4,0.8571428571428571,0.5412698412698412,0.8379811890303879,0.4045458755581051
280,weather,climate,4.25,0.829617426,0.827354304,0.828485865,6.9,0.13333333333333333,0.1380952380952381,-0.0,0.0
281,valley,ravine,4.24,0.792929642,0.794412762,0.793671202,6.6,0.9230769230769231,0.9230769230769231,0.8960364184929371,0.8960364184929371
282,letter,note,4.24,0.708602279,0.686678112,0.697640195,6.7,0.375,0.32671809148858555,0.3343854284122529,0.22515891381867184
283,timber,tree,4.21,0.77897843,0.761705041,0.770341735,6.2,0.47058823529411764,0.311707541173822,0.2019007385472654,0.10713820185365244
284,salesman,clerk,4.2,0.817139156,0.81366691,0.815403033,5.3,0.8571428571428571,0.8831168831168831,0.6980824561522253,0.8069866959519485
285,collar,neckband,4.19,0.783943169,0.79948625,0.791714709,6.7,0.5882352941176471,0.5184400725852393,0.20118514214405506,0.2961736146180644
286,sewer,drain,4.18,0.800539829,0.774406351,0.78747309,6.5,0.08333333333333333,0.29347882497196,-0.0,0.16825484571295649
287,impact,collision,4.18,0.749060489,0.785928853,0.767494671,6.0,0.8571428571428571,0.45474200363906253,0.8534319634527113,0.23412200615264167
288,fury,frenzy,4.15,0.844269559,0.847511217,0.845890388,6.6,0.42105263157894735,0.4840510366826156,0.31734147567849585,0.40661226970391245
289,tenure,term,4.15,0.740428366,0.719378285,0.729903325,5.8,0.2857142857142857,0.3454633540325712,0.0744403217972457,0.17109818790876535
290,pollen,spore,4.14,0.671444148,0.672237858,0.671841003,5.6,0.9523809523809523,0.9523809523809523,0.958485773786579,0.958485773786579
291,defeat,failure,4.13,0.779328965,0.780561529,0.779945247,6.8,0.5714285714285714,0.35922231240674396,0.2765375943860772,0.20170649536371346
292,wisdom,intelligence,4.12,0.799138233,0.79623045,0.797684342,6.7,0.6666666666666666,0.3564071027012203,0.29182626816460944,0.13142234607586403
293,unit,one,4.11,0.639903225,0.629977949,0.634940587,5.4,0.6153846153846154,0.3161528916559876,0.6924351107993745,0.20093977153077666
294,desert,wasteland,4.11,0.812023915,0.805862747,0.808943331,6.5,0.75,0.75,0.458481380961794,0.458481380961794
295,virus,infection,4.1,0.842767589,0.842978723,0.842873156,6.8,0.13333333333333333,0.25507912566736096,-0.0,0.06990862493596575
296,novel,book,4.09,0.840362251,0.83490812,0.837635186,6.9,0.1111111111111111,0.364424064927161,-0.0,0.22595238294611722
297,routine,system,4.08,0.735208116,0.722375683,0.7287919,5.7,0.13333333333333333,0.23927560577887375,-0.0,0.07386686886357183
298,problem,issue,4.08,0.835182525,0.832784794,0.83398366,6.9,0.3076923076923077,0.24993111463699708,0.0791433821806139,0.079268638698845
299,recall,retraction,4.07,0.711332358,0.723539993,0.717436176,5.9,0.7058823529411765,0.48984126984126986,0.4435416841191198,0.23381996651473505
300,romance,affair,4.05,0.812236644,0.785142191,0.798689418,5.5,0.47058823529411764,0.3307859134329723,0.3403910301786382,0.16840408887161887
301,resolve,determination,4.03,0.795056306,0.791869931,0.793463118,6.6,0.3333333333333333,0.352026307026307,0.08983495556385541,0.1708325786426034
302,music,melody,4.03,0.824610934,0.839179441,0.831895187,6.4,0.9090909090909091,0.435543867896809,0.8467322041280602,0.297111887923382
303,tower,turret,4.03,0.790623009,0.80660785,0.79861543,6.0,0.9333333333333333,0.5068376068376068,0.8541208008256053,0.2777815139794085
304,plastic,synthetic,4.02,0.754819743,0.753704093,0.754261918,6.8,0.46153846153846156,0.38866396761133604,0.30797840157595463,0.3000275063891298
305,garbage,sewage,4.02,0.788861908,0.810679816,0.799770862,5.1,0.875,0.4775641025641026,0.7630136363875514,0.29781693317019714
306,rally,gathering,4.01,0.795784891,0.797745824,0.796765357,6.8,0.9090909090909091,0.35401541269188325,0.6526107237407467,0.13829716789794338
307,debate,discussion,4.0,0.87471392,0.872206584,0.873460252,6.7,0.2857142857142857,0.5251144688644689,0.07987087826667918,0.3203937464951103
308,mayor,magistrate,3.97,0.768362656,0.773429863,0.77089626,5.5,0.6,0.6,0.21283665342395652,0.21283665342395652
309,tackle,gear,3.96,0.702934884,0.717140682,0.710037783,5.8,0.3333333333333333,0.39031527221525875,0.12794734920427137,0.20652250862009813
310,waiter,attendant,3.96,0.779909536,0.747262672,0.763586104,6.9,0.5714285714285714,0.4566340092655882,0.5103120837106616,0.18860461165858186
311,leader,forerunner,3.95,0.707069613,0.728688054,0.717878833,5.6,0.75,0.3177170868347339,0.2763393954926008,0.07018668911140084
312,porter,bearer,3.95,0.686245106,0.683378085,0.684811596,6.7,0.5714285714285714,0.5561575826502849,0.18573109568104965,0.1824810767744444
313,button,fastener,3.95,0.688359186,0.673150614,0.6807549,6.5,0.4444444444444444,0.49112927897204767,0.11614983963379608,0.2008920450356726
314,support,confirmation,3.94,0.722999066,0.734154984,0.728577025,5.3,0.4,0.3708303718984832,0.17699512980622253,0.13449516009754756
315,native,aborigine,3.87,0.723890044,0.729843684,0.726866864,6.6,0.75,0.723202614379085,1.0,0.3427292205043004
316,nature,essence,3.87,0.789522037,0.7914683,0.790495168,5.4,0.36363636363636365,0.3002866964476872,0.07712433249397076,0.06597652175433542
317,ticket,coupon,3.87,0.716737777,0.720576644,0.71865721,5.9,0.875,0.3797222222222222,0.7472830371323248,0.20942070417988523
318,pony,horse,3.85,0.79621695,0.807103045,0.801659998,6.7,0.967741935483871,0.34921789001526343,0.817643134039804,0.1873054875430727
319,shadow,shade,3.84,0.768777646,0.787629627,0.778203636,7.0,0.9411764705882353,0.2719808312268321,0.9784624551148591,0.10057911544965718
320,record,disk,3.84,0.716953084,0.729025498,0.722989291,5.8,0.3333333333333333,0.2291719589320208,0.08550992036288235,0.08616695666071762
321,neighbor,borderer,3.83,0.719863884,0.708739184,0.714301534,5.2,0.7058823529411765,0.6029411764705883,0.18620211027499065,0.14396724699444968
322,title,caption,3.83,0.761732914,0.763877675,0.762805294,5.9,0.21052631578947367,0.30852509933543715,0.05971046800504897,0.17589478817432536
323,panel,partition,3.81,0.672379002,0.683060609,0.677719805,6.0,0.7142857142857143,0.25964279394281325,0.262231729231512,0.061163540331589855
324,equal,match,3.81,0.717197374,0.707586579,0.712391976,6.5,0.47058823529411764,0.38979665940450253,0.16503409862556337,0.19226591929543568
325,essay,thesis,3.79,0.795623422,0.799617708,0.797620565,6.2,0.4,0.4177978883861237,0.28763926430561665,0.217818114433182
326,cement,glue,3.74,0.789198898,0.78507144,0.787135169,6.0,0.25,0.5268627450980392,0.058981315155342794,0.3541844980701249
327,perfume,incense,3.74,0.736801356,0.730521515,0.733661436,5.7,0.21052631578947367,0.3795426065162907,0.06305557932480309,0.25784364100051077
328,powder,dust,3.73,0.759603821,0.764153823,0.761878822,6.3,0.5,0.5370126061302533,0.2820207107202298,0.3281340882364544
329,counter,bar,3.73,0.683237061,0.682688542,0.682962801,5.6,0.5263157894736842,0.36373134908127924,0.23812913336389374,0.13516940485208886
330,river,stream,3.67,0.825307071,0.782042332,0.803674702,6.9,0.9090909090909091,0.2970562770562771,0.993225782620986,0.1986451565241972
331,portrait,likeness,3.64,0.764308654,0.774772048,0.769540351,6.8,0.26666666666666666,0.3623323013415892,0.07353369397993093,0.26566920623120405
332,context,surroundings,3.62,0.771522008,0.772437453,0.771979731,5.5,0.2857142857142857,0.3571428571428571,0.06676658509398224,0.19435120620962595
333,anchor,weight,3.61,0.686977342,0.677188106,0.682082724,5.4,0.11764705882352941,0.22054808259336126,-0.0,0.051239913803509694
334,entrance,passageway,3.58,0.766096033,0.766436696,0.766266365,6.7,0.75,0.25555555555555554,0.7356413302441609,0.13653514112766849
335,volume,largeness,3.56,0.71336142,0.725272439,0.71931693,5.6,0.36363636363636365,0.3192774255758002,0.06833133266804212,0.10748396335020421
336,sentence,phrase,3.55,0.812866218,0.812216647,0.812541433,6.4,0.6956521739130435,0.34488681770112645,0.8200649275788902,0.1906787501719913
337,solid,mass,3.53,0.6937548,0.680498317,0.687126558,6.1,0.2222222222222222,0.2502047637668553,-0.0,0.04716961353880506
338,mountain,hill,3.52,0.832492873,0.824374273,0.828433573,6.5,0.8333333333333334,0.31510989010989005,0.8341724775491165,0.13356363199005838
339,worry,torment,3.5,0.734166533,0.734871767,0.73451915,5.7,0.5882352941176471,0.39127178649237476,0.5041517808022167,0.23681861392105383
340,veto,prohibition,3.49,0.703132913,0.691461697,0.697297305,6.2,0.2222222222222222,0.34293297345928925,0.06109099006980164,0.10729949190020598
341,city,town,3.4,0.861399911,0.856281057,0.858840484,6.9,0.8888888888888888,0.46782407407407406,0.839237991989967,0.2842598817814354
342,saddle,seat,3.39,0.745891899,0.739453346,0.742672622,6.6,0.3333333333333333,0.3871850034560731,0.11456083059843694,0.14940294803262877
343,ribbon,band,3.39,0.67221918,0.655019984,0.663619582,6.3,0.2222222222222222,0.35954047754922974,-0.0,0.11304156476481034
344,member,fellow,3.35,0.735003293,0.747380987,0.74119214,6.2,0.631578947368421,0.3002957792121879,0.25281267580262995,0.10527429038258425
345,trustee,treasurer,3.34,0.826049335,0.822580419,0.824314877,5.8,0.6666666666666666,0.6190476190476191,0.2056304831928492,0.20598056362603517
346,tunnel,cave,3.32,0.765649259,0.766657345,0.766153302,6.4,0.42857142857142855,0.5476190476190476,0.11453932968335269,0.3569137071107213
347,study,library,3.24,0.726196207,0.734433964,0.730315086,6.0,0.10526315789473684,0.2585447801252755,-0.0,0.06941764342793387
348,prayer,appeal,3.15,0.662557602,0.653801598,0.6581796,5.9,0.625,0.3864312648136178,0.273203617810024,0.18968041508611766
349,reader,textbook,2.96,0.681783378,0.68913848,0.685460929,5.4,0.38095238095238093,0.442480707698099,0.14265990162099554,0.24165534916122705
350,transfer,removal,2.93,0.729874834,0.733645052,0.731759943,5.8,0.7368421052631579,0.4477948343079921,0.5155528986127098,0.24787778893889179
351,welfare,prosperity,2.92,0.799300894,0.806310028,0.802805461,5.6,0.25,0.4694300797241973,0.07104761199809695,0.3320475848490279
352,muzzle,nose,2.83,0.741689287,0.748289451,0.744989369,5.3,0.25,0.29825548978025757,0.06602475863979643,0.10046052430866087
353,orbit,route,2.83,0.731911644,0.719683535,0.72579759,5.7,0.9230769230769231,0.3849084249084248,0.8017643872619362,0.19921656678539182
354,thunder,clap,2.72,0.660363682,0.667589553,0.663976617,6.8,0.875,0.4650985558913947,0.7309595024997539,0.3170278068724303
355,patient,invalid,2.55,0.673151456,0.668212526,0.670681991,5.5,0.631578947368421,0.38245614035087716,0.7943488539105787,0.3971744269552894
356,visit,chat,2.52,0.691955753,0.707334958,0.699645355,5.9,0.26666666666666666,0.14999937260806823,0.07251496095736253,0.023281708242110663
357,suburb,neighborhood,2.34,0.825237878,0.818166584,0.821702231,7.0,0.625,0.39471153846153845,0.3494356348704951,0.16635421692319197
358,needle,spike,2.24,0.745279826,0.72275611,0.734017968,6.2,0.1111111111111111,0.4440569779455931,-0.0,0.17639048077858965
359,thickness,density,4.7,0.801138073,0.794658616,0.797898345,6.7,0.5333333333333333,0.38478506787330313,0.4081943587487336,0.24612210812534294
360,sample,example,4.7,0.769966103,0.751917586,0.760941844,6.9,0.9230769230769231,0.3632873137259103,0.9116167751077547,0.18875838994012117
361,fiber,thread,4.7,0.703251347,0.69289241,0.698071878,6.7,0.2857142857142857,0.3317402368872957,0.07593921810809143,0.07548167679288764
362,dwelling,shelter,4.68,0.728516847,0.735519737,0.732018292,6.8,0.8,0.5072222222222222,0.5429849714427328,0.32335925894579054
363,practice,training,4.68,0.775474302,0.775020674,0.775247488,6.3,0.8571428571428571,0.5355211455211454,0.45139421968380716,0.2719858540215181
364,handle,grip,4.67,0.753417671,0.764613815,0.759015743,6.9,0.13333333333333333,0.3779304029304029,-0.0,0.20504396609135808
365,sculpture,statue,4.66,0.875835218,0.868078642,0.87195693,7.0,0.8421052631578947,0.5386996904024768,0.955461727356976,0.514600301229026
366,serum,antitoxin,4.66,0.732030265,0.722118333,0.727074299,6.0,0.38095238095238093,0.38095238095238093,0.31051409665472773,0.31051409665472773
367,concert,recital,4.66,0.726117633,0.729676619,0.727897126,6.8,0.47058823529411764,0.4703781512605042,0.24298022091765067,0.26304920442582014
368,whisper,murmur,4.66,0.755941391,0.750178188,0.75305979,6.9,0.2857142857142857,0.36665791316526614,0.06544692099514474,0.16434011306751528
369,figure,form,4.65,0.698065624,0.691827647,0.694946636,6.4,0.2857142857142857,0.2760505077749509,0.07902333421863524,0.09742915960025063
370,prestige,importance,4.65,0.776233271,0.780812427,0.778522849,6.2,0.42857142857142855,0.6428571428571428,0.2802053961325022,0.5223267061550502
371,regard,respect,4.64,0.841213532,0.859900557,0.850557044,6.7,1.0,0.38958121324488915,1.0,0.21161375624297032
372,sanction,authorization,4.64,0.781085439,0.78367731,0.782381374,6.1,0.42857142857142855,0.4429923082593361,0.27476952886648065,0.28505591992084983
373,paper,stationery,4.64,0.736849606,0.73139964,0.734124623,6.0,0.875,0.32571010860484545,0.649908594521651,0.14935293515187137
374,award,trophy,4.64,0.753575943,0.767641343,0.760608643,6.5,0.25,0.47991452991452993,0.06640290569987319,0.2982265169052274
375,artist,craftsman,4.64,0.814640887,0.822053626,0.818347257,6.3,0.631578947368421,0.6432748538011696,0.2422662553070632,0.38465550629040873
376,cabin,cottage,4.61,0.774943307,0.769270778,0.772107042,6.9,0.631578947368421,0.6877192982456141,0.40245614844119443,0.5074999157315312
377,profile,outline,4.61,0.750126041,0.757518694,0.753822368,6.6,0.14285714285714285,0.2428947242414735,-0.0,0.08877260878449371
378,knowledge,information,4.59,0.837943792,0.834200233,0.836072013,6.8,0.4444444444444444,0.497094017094017,0.1635604317207938,0.24576165556304277
379,creature,animal,4.59,0.837735489,0.845918074,0.841826782,7.0,1.0,0.85,1.0,0.5119472321828211
380,address,speech,4.59,0.758129276,0.765598774,0.761864025,5.9,0.26666666666666666,0.35334417286574776,0.08126445352404921,0.1798181160712736
381,bearing,direction,4.58,0.647949859,0.666095681,0.65702277,6.4,0.15384615384615385,0.23742204218210403,-0.0,0.0599054937636573
382,platform,rostrum,4.58,0.688639611,0.711847022,0.700243317,5.7,0.9411764705882353,0.3798503611971104,0.8347516124348645,0.1763553905837439
383,species,type,4.57,0.757062122,0.749914609,0.753488366,6.6,0.25,0.28931135132115526,0.07896898248377192,0.11016467636573302
384,threshold,doorsill,4.56,0.721421681,0.732553028,0.726987354,6.9,0.11764705882352941,0.3657516339869281,-0.0,0.24869029034793938
385,relief,help,4.54,0.740908012,0.726966336,0.733937174,6.5,0.26666666666666666,0.29849662506396246,0.07832115499857344,0.11713006170252259
386,request,petition,4.54,0.784218341,0.795847639,0.79003299,6.8,1.0,0.6435897435897435,1.0,0.5119383322102531
387,poem,verse,4.54,0.829806268,0.821763203,0.825784735,6.7,0.46153846153846156,0.6732905982905982,0.34790497786238367,0.567959745203839
388,lightning,thunderbolt,4.52,0.846839651,0.854833238,0.850836445,6.9,0.9473684210526315,0.6976264189886481,0.9460722508633579,0.518711223214269
389,presence,existence,4.52,0.845856093,0.843377762,0.844616927,6.5,0.9090909090909091,0.2995594683094683,0.745302577032553,0.12180788302537038
390,laughter,chuckle,4.51,0.861469559,0.843555853,0.852512706,6.7,0.9230769230769231,0.6043956043956045,0.910864186000659,0.4877094998717157
391,project,enterprise,4.5,0.763828702,0.778619833,0.771224268,6.4,0.9411764705882353,0.40616246498599434,0.8715539160972647,0.24103785284473542
392,window,porthole,4.49,0.651353948,0.658746071,0.655050009,5.8,0.9473684210526315,0.5615785492672102,0.8178948633695476,0.27006816830384645
393,venture,speculation,4.49,0.735384002,0.719955012,0.727669507,6.2,0.26666666666666666,0.3437137810589823,0.08610871082443239,0.18461007155913345
394,beauty,prettiness,4.89,0.838405229,0.844323263,0.841364246,6.8,0.9230769230769231,0.43864468864468864,0.8156123035123326,0.29295836823655336
395,license,permit,4.88,0.799423166,0.781188324,0.790305745,7.0,1.0,0.31790989330205016,1.0,0.20374080316417834
396,insight,intuition,4.87,0.813183226,0.823795594,0.81848941,6.7,0.6153846153846154,0.5290501777634131,0.2831256537790065,0.3431408764953625
398,weakness,feebleness,4.87,0.752408274,0.759973042,0.756190658,7.0,0.5,0.49301226551226557,0.31405770839160224,0.3034267356340815
399,factor,element,4.86,0.792178959,0.795242026,0.793710493,6.6,0.3333333333333333,0.26486463961822526,0.20088095937196365,0.09023172022468165
401,liquor,intoxicant,4.85,0.77877906,0.787585743,0.783182401,5.9,0.9473684210526315,0.6680487984667551,0.905198679944392,0.543771718206563
402,circle,ring,4.82,0.757278278,0.741744108,0.749511193,6.5,0.375,0.24342066530534023,0.22842399621673062,0.06708371157461959
403,baton,wand,4.81,0.721280217,0.714464344,0.717872281,5.4,0.8888888888888888,0.5370894761413338,0.6707100246415676,0.31667063884853264
404,effect,influence,4.81,0.815028824,0.815913789,0.815471306,6.8,0.18181818181818182,0.3061649461649461,-0.0,0.12261616782001836
405,symptom,indication,4.81,0.777001396,0.756869629,0.766935512,6.7,0.36363636363636365,0.4767909867909867,0.11297126599621544,0.29346707791571985
406,judgment,opinion,4.8,0.800719909,0.792946592,0.796833251,6.1,0.9333333333333333,0.439345796593696,0.9115953789533106,0.23469780770800364
407,campaign,crusade,4.8,0.814249404,0.818964824,0.816607114,6.0,0.4444444444444444,0.6191919191919191,0.25936503942703515,0.4610561241918682
408,tourist,traveler,4.8,0.823885679,0.811865032,0.817875355,6.9,0.7058823529411765,0.7058823529411765,0.8053127263191812,0.8053127263191812
409,decay,spoilage,4.79,0.781874262,0.783643872,0.782759067,6.3,0.2,0.3074975024975025,-0.0,0.16322286447830808
410,journal,magazine,4.78,0.810001627,0.816614591,0.813308109,6.5,0.125,0.3607792356708765,-0.0,0.17033305563400924
411,limit,bound,4.78,0.691853009,0.685059205,0.688456107,6.7,0.46153846153846156,0.329833707958708,0.27802139715109764,0.15713087475152235
412,report,account,4.78,0.740241803,0.738556802,0.739399303,6.7,0.42857142857142855,0.36940276110444153,0.3442906784789542,0.20325427619562975
413,victim,prey,4.78,0.789535239,0.801995762,0.795765501,6.1,0.9473684210526315,0.7674793601651186,0.9029917840447841,0.3777173869468497
414,spectrum,rainbow,4.77,0.763610013,0.776985794,0.770297904,5.4,0.2857142857142857,0.2906687675070028,0.06544692099514474,0.10292864327894
415,distress,anxiety,4.77,0.807885565,0.817303278,0.812594421,6.8,0.5714285714285714,0.4107142857142857,0.34517952504817795,0.24230940021579647
416,market,store,4.76,0.746854618,0.737547249,0.742200933,6.3,0.11764705882352941,0.2914935690608728,-0.0,0.15350212537170957
417,placement,classification,4.76,0.764714383,0.764862388,0.764788385,5.9,0.3076923076923077,0.4458953993203219,0.08413564031148527,0.16705010047626467
418,voyage,cruise,4.76,0.805198789,0.804033324,0.804616056,6.6,0.9565217391304348,0.8695652173913044,0.9619480751675897,0.7823189988156217
419,statement,testimony,4.75,0.777943335,0.79234343,0.785143383,6.5,0.6666666666666666,0.47633755133755135,0.5571019332867811,0.3311444953122271
420,doctrine,belief,4.75,0.802384093,0.799949065,0.801166579,6.7,0.9230769230769231,0.8186813186813187,0.8223239133423996,0.6412025187272888
421,static,interference,4.74,0.658615388,0.658711016,0.658663202,5.7,0.3,0.3477554463080778,0.16459841594343277,0.1790812322943794
422,model,standard,4.73,0.68521259,0.683247134,0.684229862,6.1,0.2857142857142857,0.26240154006321875,0.08963286325265073,0.09057441203514391
423,pension,annuity,4.72,0.778083958,0.778048106,0.778066032,6.9,0.9,0.9,0.6201490765593795,0.6201490765593795
424,harvest,crop,4.72,0.81824632,0.802041836,0.810144078,7.0,1.0,0.21922860717028844,1.0,0.07144070248415546
425,hunger,appetite,4.71,0.841189474,0.847242877,0.844216175,6.5,0.5,0.4375,0.32449889628478756,0.2801194434443842
426,object,article,4.71,0.748152494,0.738705419,0.743428957,6.4,0.5454545454545454,0.2753974413958934,0.2746943988838066,0.09905497812939112
427,rhythm,cadence,4.71,0.769050397,0.766720869,0.767885633,6.8,0.26666666666666666,0.3136240173082278,0.07417005816462696,0.1309207185065337
428,warrant,writ,4.71,0.671538435,0.678071745,0.67480509,6.2,0.9411764705882353,0.5091036414565826,0.902600312544982,0.40305339430977216
429,prospect,likelihood,5.05,0.793909706,0.800834365,0.797372036,6.3,0.42857142857142855,0.2840085404791287,0.24118231589499142,0.09148896936631554
430,province,territory,5.05,0.802864373,0.79312294,0.797993656,6.9,0.8571428571428571,0.3625,0.9361445233331825,0.2419731096997744
431,passage,corridor,5.03,0.761481822,0.784396693,0.772939257,6.7,0.1111111111111111,0.21722222222222226,-0.0,0.09862664731175286
432,patent,copyright,5.03,0.807796158,0.799146958,0.803471558,6.0,0.8571428571428571,0.8285714285714285,0.46453890468657966,0.46453890468657966
433,congress,legislature,5.03,0.818704069,0.82156752,0.820135795,7.0,0.9333333333333333,0.6809523809523809,0.8847319468228053,0.5943647513182109
434,power,strength,5.02,0.791737959,0.808420978,0.800079469,6.9,0.6,0.3437942191754826,0.35989263041147446,0.15989019158889187
435,supply,provision,5.02,0.737677984,0.743688963,0.740683474,6.8,0.26666666666666666,0.2941804927099045,0.0735793438869399,0.13978706235754604
436,product,commodity,5.01,0.75789728,0.783737637,0.770817459,6.6,0.9230769230769231,0.43888888888888894,0.8290894048933062,0.24090097356013426
437,puzzle,perplexity,5.0,0.784378253,0.789545983,0.786962118,6.2,0.23529411764705882,0.17027863777089783,0.07177137589777448,0.03588568794888724
438,missile,projectile,5.0,0.804148421,0.809000149,0.806574285,6.8,0.9,0.8697368421052631,0.7673293480575754,0.7894662136897239
439,mainland,continent,5.0,0.80224704,0.797148734,0.799697887,6.4,0.7272727272727273,0.8181818181818181,0.664945480447376,0.8181955368908435
440,mirror,reflector,4.99,0.778163128,0.769756809,0.773959968,6.9,0.9411764705882353,0.43861892583120204,0.9907638925250641,0.3490481252627379
441,signal,sign,4.99,0.778589427,0.773720287,0.776154857,6.7,0.5454545454545454,0.31690113708830286,0.3871952566211876,0.12019429336201523
442,blanket,cover,4.99,0.725494571,0.717527121,0.721510846,6.8,0.75,0.44029957057046826,0.5266695383687224,0.19695152351630732
443,village,hamlet,4.99,0.761172615,0.749449879,0.755311247,6.7,0.8571428571428571,0.3710732441124598,0.7498126122888691,0.23703528338861635
444,vapor,gas,4.98,0.729249455,0.702157512,0.715703484,6.5,0.26666666666666666,0.3272961100360481,0.06471365705821472,0.15646868614977494
445,token,memento,4.98,0.7123859,0.7109375,0.7116617,5.8,0.2857142857142857,0.20500700280112044,0.06683421655283514,0.031930369262195085
446,merchant,trader,4.98,0.843245484,0.835895389,0.839570437,7.0,0.9523809523809523,0.9523809523809523,0.9481537047104651,0.9481537047104651
447,meaning,interpretation,4.98,0.741956338,0.764332056,0.753144197,6.6,0.3333333333333333,0.4170997346306944,0.08636195808751441,0.22050371439762298
448,estate,property,4.97,0.793347202,0.785319857,0.78933353,7.0,0.9090909090909091,0.34267732267732265,0.7973958956606253,0.1539730725088421
450,virtue,merit,4.96,0.788868614,0.773624957,0.781246785,6.3,0.6153846153846154,0.6588827838827838,0.4082678108746303,0.5080306143035961
451,device,tool,4.95,0.778416641,0.777233161,0.777824901,6.2,0.8,0.30736022491440446,0.627603646548471,0.11486320998792118
452,notice,announcement,4.95,0.71968089,0.751264609,0.73547275,6.1,0.7692307692307693,0.420569906284192,0.5014664496192743,0.22629550298615628
453,partner,comrade,4.95,0.77303005,0.779011711,0.776020881,6.0,0.6666666666666666,0.6361265612039605,0.27491148443031255,0.22748005316560407
454,noble,aristocrat,4.94,0.816104442,0.818534516,0.817319479,6.5,0.9,0.9,0.9124071560506241,0.9124071560506241
455,neglect,inattention,4.94,0.710125305,0.711989522,0.711057413,6.7,0.9333333333333333,0.4616666666666666,0.9946863683677208,0.29717171560958183
456,cavity,hollow,4.93,0.766314715,0.765212446,0.765763581,6.6,0.42857142857142855,0.4823870573870573,0.10575947710675936,0.2739479041024743
457,sponsor,patron,4.92,0.724422239,0.717402615,0.720912427,7.0,0.5714285714285714,0.653315105946685,0.22434207257558572,0.34711212738554403
458,bundle,package,4.92,0.809746228,0.802579939,0.806163084,7.0,1.0,0.37176793794440854,1.0,0.24352921181754406
459,closet,cloakroom,4.92,0.808511473,0.81778504,0.813148256,6.3,0.7368421052631579,0.7461988304093568,0.4826996278793276,0.4158775376414637
460,welcome,reception,4.92,0.726325944,0.715908736,0.72111734,6.4,0.2857142857142857,0.30162464985994397,0.07071061708225626,0.12701530995375473
461,cafe,restaurant,4.91,0.840654835,0.846505232,0.843580034,6.1,0.9411764705882353,0.9411764705882353,0.9276204245097344,0.9276204245097344
462,marriage,wedding,4.91,0.868270844,0.865369596,0.86682022,6.9,0.25,0.3538009648303766,0.07192866037856771,0.18399365745503682
463,patrol,sentry,4.9,0.734936461,0.740802422,0.737869442,5.7,0.10526315789473684,0.11597007223942209,-0.0,0.0
